{
    "train": {
        "E[MI_XZ]": 1.0054969787597656,
        "E[MI_YZ]": 1.1520206928253174,
        "E[mse(z,y)]": 11648.3505859375
    },
    "test": {
        "E[MI_XZ]": 1.0041064023971558,
        "E[MI_YZ]": 1.2270647287368774,
        "E[mse(z,y)]": 11646.9677734375
    }
}