{
    "train": {
        "E[MI_XZ]": 0.004884742200374603,
        "E[MI_YZ]": 0.3535853326320648,
        "E[mse(z,y)]": 52.76113510131836
    },
    "test": {
        "E[MI_XZ]": 0.0008260337053798139,
        "E[MI_YZ]": 0.33312559127807617,
        "E[mse(z,y)]": 46.256195068359375
    }
}