{
    "train": {
        "E[MI_XZ]": 0.20367056131362915,
        "E[MI_YZ]": 0.25154879689216614,
        "E[mse(z,y)]": 3.0289862155914307
    },
    "test": {
        "E[MI_XZ]": 0.17794229090213776,
        "E[MI_YZ]": 0.24223756790161133,
        "E[mse(z,y)]": 2.9584362506866455
    }
}