{
    "train": {
        "E[MI_XZ]": 0.00961786787956953,
        "E[MI_YZ]": 0.37452542781829834,
        "E[mse(z,y)]": 0.48620662093162537
    },
    "test": {
        "E[MI_XZ]": 0.013170311227440834,
        "E[MI_YZ]": 0.3736776113510132,
        "E[mse(z,y)]": 0.5015766024589539
    }
}